{
    "loss": [
        0.898481547832489,
        0.743592381477356,
        0.655235767364502,
        0.5225490927696228,
        0.4042588770389557,
        0.35365524888038635,
        0.31796133518218994,
        0.2922925353050232,
        0.2723824381828308,
        0.2548469305038452,
        0.24359583854675293,
        0.23836037516593933,
        0.2295452505350113,
        0.2256685495376587,
        0.22287718951702118,
        0.21723540127277374,
        0.21186663210391998,
        0.21017122268676758,
        0.2062617838382721,
        0.20457427203655243,
        0.20072931051254272,
        0.19893689453601837,
        0.19658789038658142,
        0.19307133555412292,
        0.18974000215530396,
        0.18904945254325867,
        0.18576590716838837,
        0.1843380331993103,
        0.17904634773731232,
        0.17677658796310425,
        0.17497609555721283,
        0.17536503076553345,
        0.17271700501441956,
        0.16685518622398376,
        0.16816146671772003,
        0.16684408485889435,
        0.16238772869110107,
        0.16048942506313324,
        0.15860499441623688,
        0.15834179520606995,
        0.15566205978393555,
        0.1542147994041443,
        0.15035675466060638,
        0.14745140075683594,
        0.14658516645431519,
        0.1456107646226883,
        0.1427464783191681,
        0.1420731246471405,
        0.14036038517951965,
        0.138198584318161,
        0.13824863731861115,
        0.13730472326278687,
        0.1335633397102356,
        0.13239134848117828,
        0.13243389129638672,
        0.12983854115009308,
        0.12807536125183105,
        0.12866052985191345,
        0.12628959119319916,
        0.1255742311477661,
        0.12302697449922562,
        0.12242624908685684,
        0.12288084626197815,
        0.12044771760702133
    ],
    "mape": [
        44.48453140258789,
        47.95787811279297,
        45.609825134277344,
        41.260223388671875,
        35.644569396972656,
        32.92145919799805,
        30.88106918334961,
        29.098526000976562,
        27.661222457885742,
        26.537899017333984,
        25.729440689086914,
        25.275957107543945,
        24.837053298950195,
        24.543437957763672,
        24.25826644897461,
        23.884862899780273,
        23.632328033447266,
        23.45869255065918,
        23.297100067138672,
        23.256620407104492,
        22.923213958740234,
        22.797548294067383,
        22.61344337463379,
        22.35346031188965,
        22.10930061340332,
        22.087032318115234,
        21.87055778503418,
        21.711469650268555,
        21.580997467041016,
        21.447603225708008,
        21.215068817138672,
        21.166810989379883,
        20.986461639404297,
        20.675107955932617,
        20.671772003173828,
        20.558273315429688,
        20.275890350341797,
        20.14280891418457,
        19.80160140991211,
        19.807947158813477,
        19.644838333129883,
        19.66244125366211,
        19.29413604736328,
        19.06815528869629,
        19.067041397094727,
        19.012989044189453,
        18.68800163269043,
        18.674135208129883,
        18.5560245513916,
        18.343170166015625,
        18.41619873046875,
        18.277074813842773,
        18.144100189208984,
        18.037240982055664,
        18.04124641418457,
        17.889413833618164,
        17.72315788269043,
        17.79346466064453,
        17.616867065429688,
        17.69749641418457,
        17.449844360351562,
        17.380796432495117,
        17.32645606994629,
        17.065046310424805
    ],
    "val_loss": [
        0.3664279878139496,
        0.3392156958580017,
        0.30313366651535034,
        0.23790882527828217,
        0.20530465245246887,
        0.18420498073101044,
        0.1735285073518753,
        0.16641142964363098,
        0.1630074381828308,
        0.15992392599582672,
        0.1570337861776352,
        0.1558825522661209,
        0.1538289338350296,
        0.15202021598815918,
        0.15226906538009644,
        0.1516200751066208,
        0.1491483598947525,
        0.14876118302345276,
        0.14747534692287445,
        0.14574310183525085,
        0.14578917622566223,
        0.14324022829532623,
        0.14213725924491882,
        0.1415420025587082,
        0.14036162197589874,
        0.13828852772712708,
        0.1369386911392212,
        0.1358385980129242,
        0.13533006608486176,
        0.1327880173921585,
        0.13243526220321655,
        0.1305498480796814,
        0.12936453521251678,
        0.12851004302501678,
        0.1270991414785385,
        0.12669585645198822,
        0.12294494360685349,
        0.124425008893013,
        0.12088508903980255,
        0.12062038481235504,
        0.11817353963851929,
        0.1182653084397316,
        0.11551283299922943,
        0.11585891246795654,
        0.1140761598944664,
        0.11336137354373932,
        0.11283307522535324,
        0.11174621433019638,
        0.1097523495554924,
        0.10847177356481552,
        0.10769252479076385,
        0.10725042223930359,
        0.10610058158636093,
        0.10470567643642426,
        0.10445433109998703,
        0.10155369341373444,
        0.10075832903385162,
        0.0993688553571701,
        0.0980430394411087,
        0.09769584238529205,
        0.09809182584285736,
        0.09750967472791672,
        0.09715882688760757,
        0.09780405461788177
    ],
    "val_mape": [
        35.76222229003906,
        37.834327697753906,
        37.61374282836914,
        31.925575256347656,
        28.861434936523438,
        26.64891242980957,
        25.756261825561523,
        25.358516693115234,
        25.171855926513672,
        24.9498291015625,
        24.607580184936523,
        24.570619583129883,
        24.343109130859375,
        24.123210906982422,
        24.170366287231445,
        24.111467361450195,
        23.84908103942871,
        23.829214096069336,
        23.678428649902344,
        23.468692779541016,
        23.618301391601562,
        23.24287986755371,
        23.130964279174805,
        23.0556583404541,
        22.972286224365234,
        22.663480758666992,
        22.55717658996582,
        22.440366744995117,
        22.35751724243164,
        22.008819580078125,
        22.084325790405273,
        21.764982223510742,
        21.66013526916504,
        21.502296447753906,
        21.346914291381836,
        21.403194427490234,
        20.791528701782227,
        21.02188491821289,
        20.4633731842041,
        20.519149780273438,
        20.095565795898438,
        20.15892791748047,
        19.797822952270508,
        19.884801864624023,
        19.679105758666992,
        19.54332733154297,
        19.585073471069336,
        19.461772918701172,
        19.15130615234375,
        18.95024871826172,
        18.881643295288086,
        18.943038940429688,
        18.73185920715332,
        18.489871978759766,
        18.51853370666504,
        18.00568199157715,
        17.979862213134766,
        17.622907638549805,
        17.294395446777344,
        17.410030364990234,
        17.561534881591797,
        17.4891414642334,
        17.405000686645508,
        17.632429122924805
    ]
}