{
    "loss": [
        0.42750242352485657,
        0.29979339241981506,
        0.2513079345226288,
        0.2383621782064438,
        0.24172785878181458,
        0.2519267201423645,
        0.23506607115268707,
        0.22601090371608734,
        0.2368902862071991,
        0.24809762835502625,
        0.28520897030830383,
        0.24344876408576965,
        0.24345655739307404,
        0.23215140402317047,
        0.2278965413570404,
        0.22526919841766357,
        0.2302384227514267,
        0.2201668620109558,
        0.2233310341835022,
        0.2146320939064026,
        0.2167966365814209,
        0.21390880644321442,
        0.20769056677818298,
        0.20817974209785461,
        0.21473661065101624,
        0.22664181888103485,
        0.21724598109722137,
        0.22714076936244965,
        0.22112686932086945,
        0.2029278427362442
    ],
    "mape": [
        26.12151527404785,
        20.51723289489746,
        17.38086700439453,
        16.31630516052246,
        17.038406372070312,
        19.861608505249023,
        17.715436935424805,
        16.28962516784668,
        16.63768196105957,
        17.9121150970459,
        20.95728302001953,
        17.12647247314453,
        18.693925857543945,
        17.35222053527832,
        16.437814712524414,
        16.085241317749023,
        16.599367141723633,
        16.496543884277344,
        17.071672439575195,
        16.22720718383789,
        16.85549545288086,
        16.569896697998047,
        15.518828392028809,
        15.620820999145508,
        16.646671295166016,
        18.371551513671875,
        16.73322868347168,
        17.709184646606445,
        16.834396362304688,
        15.252469062805176
    ],
    "val_loss": [
        0.29020005464553833,
        0.15285472571849823,
        0.13879425823688507,
        0.14419138431549072,
        0.17820952832698822,
        0.1758817732334137,
        0.140345960855484,
        0.1536777764558792,
        0.14949920773506165,
        0.17776425182819366,
        0.17133738100528717,
        0.13257156312465668,
        0.15001408755779266,
        0.12785431742668152,
        0.14279115200042725,
        0.12778182327747345,
        0.1509261578321457,
        0.1355862319469452,
        0.12920665740966797,
        0.1401299238204956,
        0.1517794132232666,
        0.1432202309370041,
        0.15498077869415283,
        0.14468219876289368,
        0.12786231935024261,
        0.15432009100914001,
        0.16687360405921936,
        0.1438606083393097,
        0.12642216682434082,
        0.13545005023479462
    ],
    "val_mape": [
        28.666786193847656,
        16.890735626220703,
        15.8007230758667,
        16.68109130859375,
        21.197505950927734,
        23.140241622924805,
        16.729896545410156,
        17.69051170349121,
        16.478660583496094,
        23.938039779663086,
        18.375627517700195,
        16.13191032409668,
        20.47474479675293,
        15.626998901367188,
        14.7590970993042,
        15.646684646606445,
        15.215815544128418,
        14.762419700622559,
        15.539121627807617,
        17.713682174682617,
        19.924772262573242,
        17.013256072998047,
        15.981208801269531,
        17.76116943359375,
        14.96657943725586,
        18.373828887939453,
        20.4802303314209,
        19.404882431030273,
        15.298242568969727,
        17.12813949584961
    ]
}