{
    "loss": [
        1.2640069723129272,
        1.0595353841781616,
        0.9491587281227112,
        0.8545276522636414,
        0.7817547917366028,
        0.7201272249221802,
        0.6566833853721619,
        0.6084269881248474,
        0.571807861328125,
        0.5334243774414062,
        0.5136193037033081,
        0.4889295995235443,
        0.4725273549556732,
        0.4561816155910492,
        0.4447537064552307,
        0.4375506341457367,
        0.4156543016433716,
        0.4073132872581482,
        0.3950635492801666,
        0.39175400137901306,
        0.3801030218601227,
        0.3681998550891876,
        0.3652714788913727,
        0.3558880686759949,
        0.3463077247142792,
        0.34318873286247253,
        0.33782416582107544,
        0.3372020125389099,
        0.32952868938446045,
        0.3233009874820709,
        0.32244783639907837,
        0.31893837451934814,
        0.3130853474140167,
        0.30881935358047485,
        0.30563440918922424,
        0.30702662467956543,
        0.3000422418117523,
        0.2940000295639038,
        0.2954258322715759,
        0.29341498017311096,
        0.29120999574661255,
        0.28727540373802185,
        0.2857888638973236,
        0.28211426734924316,
        0.281105101108551,
        0.27815717458724976,
        0.274701327085495,
        0.28061169385910034,
        0.27290859818458557,
        0.2688705027103424,
        0.2722039818763733,
        0.273027241230011,
        0.26626965403556824,
        0.26653072237968445,
        0.26782312989234924,
        0.26169148087501526,
        0.26542699337005615,
        0.264810711145401,
        0.2608453333377838,
        0.2609206736087799,
        0.26109668612480164,
        0.2597830593585968,
        0.25344347953796387,
        0.2553611695766449,
        0.2510862946510315,
        0.25401571393013,
        0.24905550479888916,
        0.25221067667007446,
        0.25021302700042725,
        0.25341176986694336,
        0.25299251079559326
    ],
    "mape": [
        44.220924377441406,
        42.81876754760742,
        41.035606384277344,
        38.45318603515625,
        36.09101486206055,
        33.796634674072266,
        31.323745727539062,
        29.454442977905273,
        27.696041107177734,
        26.484153747558594,
        25.510183334350586,
        24.80327033996582,
        24.38898468017578,
        23.732942581176758,
        23.294710159301758,
        22.866479873657227,
        22.501310348510742,
        22.09932518005371,
        21.806480407714844,
        21.632591247558594,
        21.390466690063477,
        21.03154945373535,
        20.667394638061523,
        20.875497817993164,
        20.22045135498047,
        20.304885864257812,
        19.986007690429688,
        20.126340866088867,
        19.69912338256836,
        19.56649398803711,
        19.397666931152344,
        19.341129302978516,
        19.10787582397461,
        19.020099639892578,
        18.799579620361328,
        19.020578384399414,
        18.67540168762207,
        18.473928451538086,
        18.351806640625,
        18.287582397460938,
        18.284040451049805,
        18.216672897338867,
        18.057573318481445,
        17.923635482788086,
        17.9085636138916,
        17.812175750732422,
        17.69983673095703,
        17.760656356811523,
        17.71065330505371,
        17.58370590209961,
        17.545583724975586,
        17.505512237548828,
        17.459569931030273,
        17.425636291503906,
        17.483549118041992,
        17.202930450439453,
        17.36840057373047,
        17.26865005493164,
        17.08095359802246,
        17.198450088500977,
        17.22308921813965,
        17.18222427368164,
        17.025949478149414,
        17.042192459106445,
        16.938905715942383,
        16.929574966430664,
        16.88401985168457,
        17.022579193115234,
        16.774301528930664,
        17.013160705566406,
        16.94912338256836
    ],
    "val_loss": [
        0.6268162727355957,
        0.5556731224060059,
        0.5032187104225159,
        0.45817703008651733,
        0.41955503821372986,
        0.3868377208709717,
        0.3584131598472595,
        0.3349325954914093,
        0.3155437409877777,
        0.2992226779460907,
        0.28609997034072876,
        0.2747640013694763,
        0.2631893754005432,
        0.2531818747520447,
        0.24437692761421204,
        0.2366769015789032,
        0.22978782653808594,
        0.22282087802886963,
        0.21616454422473907,
        0.21122559905052185,
        0.20554755628108978,
        0.20104017853736877,
        0.19633032381534576,
        0.19212207198143005,
        0.18759119510650635,
        0.18508976697921753,
        0.18103370070457458,
        0.1777997761964798,
        0.17561860382556915,
        0.17188216745853424,
        0.1699492186307907,
        0.16725841164588928,
        0.16495223343372345,
        0.16277746856212616,
        0.1610596477985382,
        0.1587105542421341,
        0.15789012610912323,
        0.1557229608297348,
        0.15408405661582947,
        0.15294910967350006,
        0.15190407633781433,
        0.15149910748004913,
        0.15059201419353485,
        0.14836867153644562,
        0.14715109765529633,
        0.14781828224658966,
        0.14557726681232452,
        0.14405128359794617,
        0.14393198490142822,
        0.14371974766254425,
        0.14186324179172516,
        0.14213891327381134,
        0.14056400954723358,
        0.14033150672912598,
        0.14075326919555664,
        0.1390823870897293,
        0.14086847007274628,
        0.13931848108768463,
        0.13976848125457764,
        0.1372203528881073,
        0.13832828402519226,
        0.13782882690429688,
        0.1371971219778061,
        0.13612806797027588,
        0.13636477291584015,
        0.13688595592975616,
        0.13421277701854706,
        0.13514545559883118,
        0.13529250025749207,
        0.13497929275035858,
        0.1336267739534378
    ],