{
    "loss": [
        2.452685594558716,
        0.8593615293502808,
        0.8075729608535767,
        0.9254826307296753,
        1.4291069507598877,
        1.0001734495162964,
        0.9715815782546997,
        0.8244831562042236,
        0.7359675765037537,
        0.6815198659896851,
        0.6288332939147949,
        0.6253014206886292,
        0.6440495252609253,
        0.6239395141601562,
        0.5989535450935364,
        0.5583301782608032,
        0.5744394063949585,
        0.586944580078125,
        0.5787415504455566,
        0.5470266342163086,
        0.5423559546470642,
        0.5517877340316772,
        0.5383313894271851,
        0.5234684348106384,
        0.4956967830657959
    ],
    "mape": [
        48.36214828491211,
        43.769256591796875,
        43.25361633300781,
        47.92180252075195,
        53.395912170410156,
        49.96826171875,
        51.567100524902344,
        49.31617736816406,
        45.50502395629883,
        42.998294830322266,
        40.55980682373047,
        40.153072357177734,
        41.98982620239258,
        43.2143669128418,
        41.64548110961914,
        38.09260559082031,
        38.496177673339844,
        40.62725067138672,
        41.0155029296875,
        40.3912353515625,
        38.356834411621094,
        38.574806213378906,
        39.433868408203125,
        39.205692291259766,
        37.500396728515625
    ],
    "val_loss": [
        0.4775006175041199,
        0.3956620991230011,
        2.9606235027313232,
        3.4981117248535156,
        0.41387811303138733,
        0.47186899185180664,
        0.308085173368454,
        0.32830408215522766,
        0.27814680337905884,
        0.27385368943214417,
        0.28154313564300537,
        0.5179367065429688,
        0.4708924889564514,
        0.27402108907699585,
        0.2564448118209839,
        0.3156850337982178,
        0.5887434482574463,
        0.5314534306526184,
        0.27938857674598694,
        0.2575295865535736,
        0.48264870047569275,
        0.4671211838722229,
        0.3338574171066284,
        0.3043721616268158,
        0.4279114603996277
    ],
    "val_mape": [
        28.516006469726562,
        28.897367477416992,
        95.1158447265625,
        100.31661987304688,
        35.54990005493164,
        48.38631057739258,
        30.51595115661621,
        35.02415084838867,
        29.529956817626953,
        27.399229049682617,
        30.555326461791992,
        45.25933837890625,
        42.84687423706055,
        30.66048240661621,
        28.279483795166016,
        35.258968353271484,
        48.09989547729492,
        45.842002868652344,
        32.00590515136719,
        30.766883850097656,
        44.403358459472656,
        43.42911911010742,
        36.22237014770508,
        34.47832489013672,
        42.327449798583984
    ]
}