{
    "loss": [
        0.8754560351371765,
        0.6916453242301941,
        0.610124409198761,
        0.5439236760139465,
        0.48887380957603455,
        0.45076653361320496,
        0.4272599220275879,
        0.40134578943252563,
        0.37777435779571533,
        0.3572118580341339,
        0.3370729982852936,
        0.31389281153678894,
        0.29287198185920715,
        0.27529147267341614,
        0.26162710785865784,
        0.24223291873931885,
        0.22805583477020264,
        0.21923863887786865,
        0.21222132444381714,
        0.2052190899848938,
        0.19725097715854645,
        0.19879956543445587,
        0.18552184104919434,
        0.17967259883880615,
        0.17360027134418488,
        0.16810494661331177,
        0.16761678457260132,
        0.16234701871871948,
        0.15447399020195007,
        0.1500050127506256,
        0.14920255541801453,
        0.1449296623468399,
        0.14306190609931946,
        0.13726957142353058,
        0.1345098912715912,
        0.1323457956314087,
        0.1353868693113327,
        0.13147547841072083,
        0.1275135576725006,
        0.12366876751184464,
        0.12239640206098557,
        0.12271232903003693,
        0.12205757945775986,
        0.12355434149503708,
        0.12054452300071716,
        0.11848134547472,
        0.11751209944486618,
        0.11349224299192429,
        0.11746177822351456,
        0.11553076654672623,
        0.1127241775393486,
        0.11221128702163696,
        0.11181246489286423,
        0.10914897918701172,
        0.110950767993927,
        0.10946449637413025
    ],
    "mape": [
        48.574886322021484,
        47.51087951660156,
        43.844635009765625,
        40.504154205322266,
        37.56062698364258,
        36.36061096191406,
        35.115901947021484,
        33.786624908447266,
        32.64869689941406,
        31.7713623046875,
        30.591829299926758,
        29.742427825927734,
        28.83368682861328,
        27.76885223388672,
        27.331356048583984,
        26.240907669067383,
        25.574953079223633,
        25.20970344543457,
        24.5673828125,
        24.32327651977539,
        23.842023849487305,
        23.778301239013672,
        22.97975730895996,
        22.484939575195312,
        22.273303985595703,
        21.990676879882812,
        21.922624588012695,
        21.43807601928711,
        20.90958023071289,
        20.632108688354492,
        20.31874656677246,
        19.8583927154541,
        19.6435604095459,
        19.561052322387695,
        19.258281707763672,
        18.97281837463379,
        19.008712768554688,
        18.82321548461914,
        18.480188369750977,
        18.558788299560547,
        18.198740005493164,
        18.176477432250977,
        18.163986206054688,
        18.04945182800293,
        18.06982421875,
        17.978172302246094,
        17.805099487304688,
        17.613237380981445,
        17.700584411621094,
        17.503753662109375,
        17.353580474853516,
        17.135595321655273,
        17.065837860107422,
        17.030841827392578,
        17.231534957885742,
        17.131460189819336
    ],
    "val_loss": [
        0.3861791789531708,
        0.3162021338939667,
        0.28414440155029297,
        0.2608286738395691,
        0.24674679338932037,
        0.2382776290178299,
        0.23091202974319458,
        0.22523696720600128,
        0.21998345851898193,
        0.21204599738121033,
        0.20886684954166412,
        0.20183855295181274,
        0.19329121708869934,
        0.1902153640985489,
        0.17991574108600616,
        0.1800871342420578,
        0.17346562445163727,
        0.1643753945827484,
        0.1598491072654724,
        0.15504229068756104,
        0.15260429680347443,
        0.14498843252658844,
        0.14115002751350403,
        0.13265027105808258,
        0.12984958291053772,
        0.12272650748491287,
        0.11776114255189896,
        0.11648689955472946,
        0.11140415072441101,
        0.11118604242801666,
        0.10370589047670364,
        0.10157690197229385,
        0.09991789609193802,
        0.09993959218263626,
        0.09697119146585464,
        0.09310360997915268,
        0.09663891792297363,
        0.08988887071609497,
        0.08948448300361633,
        0.0903547927737236,
        0.0836108922958374,
        0.08847000449895859,
        0.08633524924516678,
        0.0866691991686821,
        0.08508273959159851,
        0.08080296218395233,
        0.07963036745786667,
        0.07953634113073349,
        0.07911750674247742,
        0.07937639951705933,
        0.0760132372379303,
        0.07913265377283096,
        0.07662909477949142,
        0.07738734036684036,
        0.07737649232149124,
        0.07719612121582031
    ],
    "val_mape": [
        44.556846618652344,
        37.76256561279297,
        35.40037536621094,
        33.52729415893555,
        32.076255798339844,
        31.08024024963379,
        30.322526931762695,
        29.83600425720215,
        29.430322647094727,
        28.626331329345703,
        28.620994567871094,
        28.024309158325195,
        27.389286041259766,
        27.213743209838867,
        26.187572479248047,
        26.280126571655273,
        25.760190963745117,
        25.05619239807129,
        24.650836944580078,
        24.397308349609375,
        24.315649032592773,
        23.44089126586914,
        23.396541595458984,
        22.364185333251953,
        22.130887985229492,
        21.27614974975586,
        20.521343231201172,
        20.588960647583008,
        19.916791915893555,
        20.002172470092773,
        18.922618865966797,
        18.81850242614746,
        18.67679786682129,
        19.142833709716797,
        18.486555099487305,
        17.846813201904297,
        18.713903427124023,
        17.528539657592773,
        17.503662109375,
        17.703662872314453,
        16.613908767700195,
        17.546709060668945,
        17.314895629882812,
        17.495445251464844,
        17.43656349182129,
        16.60649871826172,
        16.353683471679688,
        16.535640716552734,
        16.436691284179688,
        16.258426666259766,
        15.674614906311035,
        16.288591384887695,
        15.87304401397705,
        16.091066360473633,
        16.28468894958496,
        16.0367374420166
    ]
}