{
    "loss": [
        1.7437962293624878,
        0.519065260887146,
        0.5007218718528748,
        0.4829850494861603,
        0.44246482849121094,
        0.4222492277622223,
        0.46575644612312317,
        0.443625807762146,
        0.46211060881614685,
        0.3854416012763977,
        0.3927430808544159,
        0.4140850305557251,
        0.40260952711105347,
        0.3934943377971649,
        0.3784847855567932,
        0.37220102548599243,
        0.36231404542922974,
        0.360522598028183,
        0.3737906813621521,
        0.4169587790966034,
        0.3876670300960541,
        0.37069347500801086,
        0.3952717185020447,
        0.37632784247398376,
        0.3682014048099518,
        0.3349211513996124,
        0.3253735601902008,
        0.3255626857280731,
        0.32420915365219116
    ],
    "mape": [
        60.363887786865234,
        41.4161262512207,
        38.8276481628418,
        37.16107940673828,
        37.588253021240234,
        36.11451721191406,
        37.98836898803711,
        37.359291076660156,
        38.740074157714844,
        33.76054382324219,
        33.865867614746094,
        35.1759147644043,
        34.82699966430664,
        35.650604248046875,
        33.82956314086914,
        33.576866149902344,
        33.16963195800781,
        32.62440872192383,
        33.34953308105469,
        36.08184051513672,
        33.7586784362793,
        33.689327239990234,
        33.99736404418945,
        33.81562042236328,
        34.059268951416016,
        32.32803726196289,
        32.1794548034668,
        31.266803741455078,
        31.456096649169922
    ],
    "val_loss": [
        0.1883040964603424,
        0.17820391058921814,
        0.19011738896369934,
        0.20305073261260986,
        0.18970181047916412,
        0.20638735592365265,
        0.23475630581378937,
        0.283440500497818,
        0.2666291892528534,
        0.4918622672557831,
        0.4334680140018463,
        0.2914038300514221,
        0.3334660232067108,
        0.3645326793193817,
        0.4775810241699219,
        0.32326540350914,
        0.2502131462097168,
        0.24076305329799652,
        0.529403805732727,
        0.5272583365440369,
        0.286405086517334,
        0.2576219141483307,
        0.20459416508674622,
        0.22798274457454681,
        0.2941916882991791,
        0.3282283842563629,
        0.3238700330257416,
        0.2899014353752136,
        0.18163743615150452
    ],
    "val_mape": [
        29.44637107849121,
        27.79129981994629,
        27.573257446289062,
        27.360790252685547,
        27.976797103881836,
        29.109039306640625,
        31.7208251953125,
        33.751766204833984,
        31.895620346069336,
        41.28964614868164,
        39.6853141784668,
        33.501827239990234,
        37.78572463989258,
        37.46834182739258,
        43.6923828125,
        35.819549560546875,
        32.37124252319336,
        31.83604621887207,
        47.29362106323242,
        45.2014274597168,
        35.4445686340332,
        34.41902542114258,
        30.086376190185547,
        31.34153938293457,
        34.84527587890625,
        38.04656982421875,
        37.48602294921875,
        36.52535629272461,
        28.34029197692871
    ]
}