{
    "loss": [
        1.4571943283081055,
        1.0939350128173828,
        1.0692853927612305,
        1.0704354047775269,
        1.0724667310714722,
        1.0736122131347656,
        1.0735068321228027,
        1.0735962390899658,
        1.0736339092254639,
        1.0736620426177979,
        1.0736851692199707,
        1.0737049579620361,
        1.073722004890442,
        1.0737367868423462,
        1.0737496614456177,
        1.073760986328125
    ],
    "mape": [
        54.921783447265625,
        52.79727554321289,
        55.89435958862305,
        57.41044235229492,
        58.00046920776367,
        58.18397521972656,
        58.249420166015625,
        58.26428985595703,
        58.270259857177734,
        58.27421569824219,
        58.27724075317383,
        58.27968978881836,
        58.281707763671875,
        58.283416748046875,
        58.28487014770508,
        58.28611755371094
    ],
    "val_loss": [
        0.5173275470733643,
        0.4410226345062256,
        0.4332141578197479,
        0.43102404475212097,
        0.43056273460388184,
        0.43043604493141174,
        0.4303998351097107,
        0.43038615584373474,
        0.4303777515888214,
        0.4303717017173767,
        0.43036702275276184,
        0.4303632974624634,
        0.43036022782325745,
        0.43035760521888733,
        0.43035539984703064,
        0.4303535223007202
    ],
    "val_mape": [
        40.21788024902344,
        40.980491638183594,
        41.35499954223633,
        41.83312225341797,
        42.00090408325195,
        42.05668258666992,
        42.07261276245117,
        42.07828140258789,
        42.08189392089844,
        42.084651947021484,
        42.08687973022461,
        42.08872604370117,
        42.09027862548828,
        42.09160232543945,
        42.092742919921875,
        42.09374237060547
    ]
}