{
    "loss": [
        6.227380752563477,
        1.1467275619506836,
        0.9887832403182983,
        0.9574610590934753,
        0.9451783895492554,
        0.9440122842788696,
        0.9414622187614441,
        0.9430010318756104,
        0.9508142471313477,
        0.9423580169677734,
        0.9354158043861389,
        0.9644452929496765,
        0.9192523956298828,
        0.9366021156311035,
        0.9447603225708008,
        0.9220827221870422,
        0.9218624234199524,
        0.9319517016410828,
        0.9370703101158142,
        0.9271363615989685
    ],
    "mape": [
        47.71352767944336,
        52.61956024169922,
        52.08636474609375,
        50.27032470703125,
        50.863487243652344,
        51.129817962646484,
        50.90792465209961,
        50.38269805908203,
        50.146244049072266,
        50.96238708496094,
        50.55158615112305,
        51.72883605957031,
        50.6571159362793,
        50.420982360839844,
        50.45490264892578,
        50.727657318115234,
        50.78312301635742,
        50.71834182739258,
        50.751548767089844,
        51.19270324707031
    ],
    "val_loss": [
        0.40522515773773193,
        0.38130104541778564,
        0.33062127232551575,
        0.30507680773735046,
        0.2849932014942169,
        0.2902180254459381,
        0.29967641830444336,
        0.30018141865730286,
        0.30877912044525146,
        0.30442875623703003,
        0.30775490403175354,
        0.3063543438911438,
        0.32136937975883484,
        0.30389684438705444,
        0.3194715082645416,
        0.3036014139652252,
        0.3055979013442993,
        0.297848105430603,
        0.3149387240409851,
        0.2974207401275635
    ],
    "val_mape": [
        31.42612648010254,
        33.04452133178711,
        30.744571685791016,
        29.356094360351562,
        28.256792068481445,
        28.360546112060547,
        29.192466735839844,
        29.96955680847168,
        29.85597801208496,
        29.7939510345459,
        30.050928115844727,
        30.1817626953125,
        30.533294677734375,
        29.998184204101562,
        31.245689392089844,
        30.1899356842041,
        29.91792106628418,
        29.506763458251953,
        30.76963233947754,
        30.030595779418945
    ]
}