{
    "loss": [
        1.3548905849456787,
        1.1559785604476929,
        1.0846059322357178,
        1.020984172821045,
        0.9731432795524597,
        0.9301747679710388,
        0.8850159645080566,
        0.8582397103309631,
        0.8287897706031799,
        0.7697131037712097,
        0.7471348643302917,
        0.7096259593963623,
        0.6836349964141846,
        0.6360786557197571,
        0.6196417212486267,
        0.5874415040016174,
        0.5572946667671204,
        0.5357369780540466,
        0.5206344723701477,
        0.49849259853363037,
        0.4786309003829956,
        0.4649854898452759,
        0.4688141345977783,
        0.4317176938056946,
        0.4238544702529907,
        0.4271416962146759,
        0.40457653999328613,
        0.39343562722206116,
        0.37551823258399963,
        0.3681637644767761,
        0.3529238700866699,
        0.3444545567035675,
        0.3610595762729645,
        0.3515511453151703,
        0.3239628076553345,
        0.3112872242927551,
        0.31362849473953247,
        0.3085712492465973,
        0.2962661385536194,
        0.28864964842796326,
        0.2923257350921631,
        0.28740042448043823,
        0.2928949296474457,
        0.28693687915802,
        0.285984069108963,
        0.290604829788208,
        0.270698606967926,
        0.28479209542274475,
        0.27141067385673523,
        0.2717260420322418,
        0.264113187789917,
        0.26087313890457153,
        0.2617000639438629,
        0.25896981358528137,
        0.24908944964408875,
        0.26566118001937866,
        0.2531742751598358,
        0.24295613169670105,
        0.2583331763744354
    ],
    "mape": [
        49.0633430480957,
        52.31639099121094,
        53.504127502441406,
        53.77485656738281,
        52.9520263671875,
        51.83961868286133,
        51.19511413574219,
        50.32866668701172,
        48.99252700805664,
        47.76778030395508,
        46.70588302612305,
        45.52323913574219,
        44.45452117919922,
        43.02335739135742,
        42.409034729003906,
        40.50492858886719,
        39.577484130859375,
        38.49727249145508,
        38.692508697509766,
        37.0406379699707,
        36.35431671142578,
        35.892093658447266,
        35.44148254394531,
        33.99643325805664,
        33.7723274230957,
        33.48350524902344,
        33.09861373901367,
        32.4289436340332,
        31.821210861206055,
        31.23801612854004,
        30.874038696289062,
        30.409868240356445,
        30.65502166748047,
        30.384714126586914,
        29.27501106262207,
        28.643169403076172,
        28.554611206054688,
        28.036855697631836,
        27.953052520751953,
        27.56238555908203,
        27.303850173950195,
        27.469484329223633,
        27.351757049560547,
        27.04065704345703,
        26.888774871826172,
        27.195117950439453,
        26.61789894104004,
        26.835752487182617,
        26.119400024414062,
        25.952667236328125,
        26.00619888305664,
        25.8386173248291,
        26.061338424682617,
        25.414836883544922,
        24.98489761352539,
        25.422393798828125,
        25.147701263427734,
        24.685806274414062,
        25.327789306640625
    ],
    "val_loss": [
        0.5228931903839111,
        0.47517457604408264,
        0.44535622000694275,
        0.41925549507141113,
        0.3987233638763428,
        0.37885501980781555,
        0.35945752263069153,
        0.33931005001068115,
        0.3184608817100525,
        0.294667512178421,
        0.2720182538032532,
        0.25304439663887024,
        0.23596684634685516,
        0.22389014065265656,
        0.21316631138324738,
        0.2057894915342331,
        0.20004871487617493,
        0.19795018434524536,
        0.190434068441391,
        0.20192916691303253,
        0.19446434080600739,
        0.18909873068332672,
        0.1833351105451584,
        0.19411519169807434,
        0.19548863172531128,
        0.18631136417388916,
        0.18395322561264038,
        0.19056466221809387,
        0.18520069122314453,
        0.18887512385845184,
        0.18104244768619537,
        0.18726226687431335,
        0.19613824784755707,
        0.19429588317871094,
        0.18224695324897766,
        0.17403824627399445,
        0.17220018804073334,
        0.18693582713603973,
        0.1848086416721344,
        0.1724482774734497,
        0.1869082748889923,
        0.1757492870092392,
        0.16171176731586456,
        0.18732531368732452,
        0.17834137380123138,
        0.2018204629421234,
        0.17810948193073273,
        0.15001823008060455,
        0.14628946781158447,
        0.18702872097492218,
        0.1719028651714325,
        0.1572163850069046,
        0.1634543240070343,
        0.1488053947687149,
        0.15200494229793549,
        0.15391218662261963,
        0.1681683212518692,
        0.15355122089385986,
        0.15481649339199066
    ],
    "val_mape": [41.87986755371094,
		42.717041015625,
		42.704124450683594,
		41.60057830810547,
		41.05646896362305,
		40.02997589111328,
		38.982173919677734,
		38.244197845458984,
		37.237178802490234,
		35.623291015625,
		34.51179504394531,
		33.156494140625,
		31.71514892578125,
		31.14961814880371,
		29.9632511138916,
		29.379440307617188,
		29.223432540893555,
		29.840267181396484,
		29.10003089904785,
		30.286819458007812,
		29.954883575439453,
		29.37874412536621,
		28.725553512573242,
		29.64298439025879,
		29.78464126586914,
		28.639766693115234,
		28.879947662353516,
		29.37759780883789,
		29.000476837158203,
		29.651683807373047,
		28.80562400817871,
		29.07803726196289,
		30.591819763183594,
		29.983985900878906,
		28.4528865814209,
		27.472896575927734,
		27.931631088256836,
		29.256507873535156,
		29.31929588317871,
		27.93655014038086,
		29.829782485961914,
		28.45392417907715,
		27.002552032470703,
		27.012710571289062,
		27.146150588989258,
		26.620304107666016,
		26.562389373779297,
		25.489700317382812,
		25.166108322143555,
		25.442354202270508,
		25.797855377197266,
		25.40057945251465,
		25.237770080566406,
		25.56683349609375,
		25.34747314453125,
		25.558517456054688,
		25.462642669677734,
		25.245891189575195,
		25.959861755371094
	]
}